solver,Avg Diversity,Std Dev,Best Diversity,Avg Time,Median Time,Success Rate,Quality Rank,Speed Rank
GA,2068962.6,6543317.17,23219580.0,180352.84,180001.0,1.0,5,9
GRASP,2173558.6,6883418.18,24479480.0,32819.59,6833.5,1.0,3,3
LS-Best,2057104.83,6502874.01,23072971.0,16214.48,181.5,1.0,6,1
LS-First,2031863.96,6420650.5,22816273.0,18525.31,398.5,1.0,8,2
MaxCut,2188219.15,6936338.77,24612271.0,48383.83,1183.0,1.0,2,4
OBMA,2205625.09,6986580.38,24774266.0,180000.28,180000.0,1.0,1,8
QUBO-Constrained,2149616.56,6810059.11,24559405.0,178623.53,300255.0,1.0,4,6
QUBO-Penalty,6898.91,9454.51,36317.0,153806.82,161013.0,1.0,9,5
Tabu,2055085.23,6496443.42,23102391.0,180000.0,180000.0,1.0,7,7
